打包方式,加密程度,骨架优化,外积上传MB,内积上传MB,上传冗余比,外积服务端秒,内积服务端秒,服务端时间比,备注
packed,full,开,5.1003,0.0,N/A,0.098612,0.0,N/A,存在不可行格，未计比值
packed,full,关,2.5498,0.0,N/A,0.049466,0.0,N/A,存在不可行格，未计比值
packed,half,开,2.613,1.5959,1.64,0.050309,1.609011,0.031,
packed,half,关,1.4001,1.5958,0.88,0.023559,1.460829,0.016,
unpacked,full,开,81.6179,40.81,2.0,1.550417,30.910432,0.05,
unpacked,full,关,163.2209,40.8056,4.0,3.122766,61.262633,0.051,
unpacked,half,开,40.8716,21.6827,1.88,0.747554,0.828407,0.902,
unpacked,half,关,81.7405,21.6799,3.77,1.413511,2.79328,0.506,
