方法,create_seconds,derive_seconds,public_context_bytes
外积,0.027237500995397568,0.030179712921380997,1877864
