方法,create_seconds,derive_seconds,public_context_bytes
外积,0.02635720744729042,0.028967034071683884,1876671
