方法,create_seconds,derive_seconds,public_context_bytes
外积,0.026962749660015106,0.029286962002515793,1878199
