方法,create_seconds,derive_seconds,public_context_bytes
外积,0.02743486315011978,0.029739663004875183,1877762
