方法,create_seconds,derive_seconds,public_context_bytes
外积,0.02528061345219612,0.028050605207681656,1878326
