方法,create_seconds,derive_seconds,public_context_bytes
外积,0.02704961597919464,0.029146842658519745,1877502
