方法,create_seconds,derive_seconds,public_context_bytes
外积,0.030168086290359497,0.02871040627360344,1878269
