方法,create_seconds,derive_seconds,public_context_bytes
外积,0.025876015424728394,0.028332985937595367,1876895
