方法,create_seconds,derive_seconds,public_context_bytes
外积,0.03239099681377411,0.03271056339144707,1876411
